{
    "Property": "Vc",
    "Method": 2,
    "Kernel": "RQ",
    "N_Original": 69,
    "N_Outliers_Removed": "3",
    "Outlier_Percentage": 4.3478260869565215,
    "Outlier_Method": "iqr",
    "Outlier_Threshold": 1.5,
    "N_Train": 53,
    "N_Test": 13,
    "N_Total": 66,
    "LML": -211.62028410723497,
    "Condition_Number": 64.52921677676896,
    "Fit_Success": true,
    "Train_R2": 0.9913199409736204,
    "Test_R2": 0.9665959470457227,
    "Combined_R2": 0.9844292437827236,
    "Train_MAE": 7.283138911752578,
    "Test_MAE": 17.899349643082527,
    "Combined_MAE": 9.374210722469085,
    "Train_RMSE": 9.129904029935783,
    "Test_RMSE": 22.75419375081505,
    "Combined_RMSE": 12.99686218239816,
    "Train_MAPE": 2.4761531265565897,
    "Test_MAPE": 6.1795142037422695,
    "Combined_MAPE": 3.2056030356992227,
    "Train_MPE": 0.004872878298516096,
    "Test_MPE": -1.904624059284661,
    "Combined_MPE": -0.37124015486180656,
    "R2_Improvement": 0.024723993927897703,
    "MAE_Improvement": 10.616210731329948,
    "RMSE_Improvement": 13.624289720879265,
    "MAPE_Improvement": 3.7033610771856798,
    "MPE_Improvement": -1.9094969375831772,
    "CI_Train_Outside": 0.03773584905660377,
    "CI_Test_Outside": 0.38461538461538464
}