{
    "Property": "Tm",
    "Method": 1,
    "Kernel": "RQ",
    "N_Original": 1939,
    "N_Outliers_Removed": "15",
    "Outlier_Percentage": 0.773594636410521,
    "Outlier_Method": "iqr",
    "Outlier_Threshold": 1.5,
    "N_Train": 1539,
    "N_Test": 385,
    "N_Total": 1924,
    "LML": -1597.5621989378928,
    "Condition_Number": 3046.0610224895604,
    "Fit_Success": true,
    "Train_R2": 0.567793974001414,
    "Test_R2": 0.5773430719164057,
    "Combined_R2": 0.5700615758424501,
    "Train_MAE": 44.5732963004743,
    "Test_MAE": 45.23710016844099,
    "Combined_MAE": 44.70612607654871,
    "Train_RMSE": 57.11937591799257,
    "Test_RMSE": 57.29638177094654,
    "Combined_RMSE": 57.154839359774044,
    "Train_MAPE": 12.501554484079527,
    "Test_MAPE": 12.301274067909143,
    "Combined_MAPE": 12.46147758167537,
    "Train_MPE": -2.545027825897845,
    "Test_MPE": -1.7940048167666662,
    "Combined_MPE": -2.394745155151741,
    "R2_Improvement": -0.0095490979149917,
    "MAE_Improvement": 0.663803867966692,
    "RMSE_Improvement": 0.1770058529539682,
    "MAPE_Improvement": -0.2002804161703846,
    "MPE_Improvement": 0.7510230091311787,
    "CI_Train_Outside": 0.05458089668615984,
    "CI_Test_Outside": 0.046753246753246755
}