Metric,Training,Test,Improvement
MAE,20.926765300833676,30.133337073704272,0.10075594354251038
RMSE,29.162647631769275,36.15807775165609,9.206571772870596
R2,0.9109169977183689,0.8101610541758585,6.995430119886812
MAPE,3.4648358470399323,4.9466706791439945,1.4818348321040622
MPE,-0.3968291098625264,0.5766046467829162,0.9734337566454426
