{
    "Property": "Tc",
    "Method": 3,
    "Kernel": "RQ",
    "N_Original": 75,
    "N_Outliers_Removed": "1",
    "Outlier_Percentage": 1.3333333333333335,
    "Outlier_Method": "iqr",
    "Outlier_Threshold": 1.5,
    "N_Train": 59,
    "N_Test": 15,
    "N_Total": 74,
    "LML": -38.84048027548866,
    "Condition_Number": 38.41016408401415,
    "Fit_Success": true,
    "Train_R2": 0.9109169977183689,
    "Test_R2": 0.8101610541758585,
    "Combined_R2": 0.8962167132029669,
    "Train_MAE": 20.926765300833676,
    "Test_MAE": 30.133337073704272,
    "Combined_MAE": 22.79296228182096,
    "Train_RMSE": 29.162647631769275,
    "Test_RMSE": 36.15807775165609,
    "Combined_RMSE": 30.70967797916385,
    "Train_MAPE": 3.4648358470399323,
    "Test_MAPE": 4.9466706791439945,
    "Combined_MAPE": 3.7652077724664306,
    "Train_MPE": -0.3968291098625264,
    "Test_MPE": 0.5766046467829162,
    "Combined_MPE": -0.1995114564884503,
    "R2_Improvement": 0.10075594354251038,
    "MAE_Improvement": 9.206571772870596,
    "RMSE_Improvement": 6.995430119886812,
    "MAPE_Improvement": 1.4818348321040622,
    "MPE_Improvement": 0.9734337566454426,
    "CI_Train_Outside": 0.01694915254237288,
    "CI_Test_Outside": 0.0
}