{
    "Property": "Hvap",
    "Method": 3,
    "Kernel": "RQ",
    "N_Original": 75,
    "N_Outliers_Removed": "1",
    "Outlier_Percentage": 1.3333333333333335,
    "Outlier_Method": "iqr",
    "Outlier_Threshold": 1.5,
    "N_Train": 59,
    "N_Test": 15,
    "N_Total": 74,
    "LML": -58.03015467301458,
    "Condition_Number": 117.73727796559628,
    "Fit_Success": true,
    "Train_R2": 0.7522595064921827,
    "Test_R2": 0.8367103380781495,
    "Combined_R2": 0.77434004042662,
    "Train_MAE": 2.1098301265009307,
    "Test_MAE": 2.364913060198959,
    "Combined_MAE": 2.1615361265748554,
    "Train_RMSE": 3.122149910084248,
    "Test_RMSE": 2.8002558045119255,
    "Combined_RMSE": 3.0596388944366097,
    "Train_MAPE": 6.103087403921661,
    "Test_MAPE": 6.314084621916999,
    "Combined_MAPE": 6.145857110272068,
    "Train_MPE": -0.8697785556944958,
    "Test_MPE": -1.9139478690033986,
    "Combined_MPE": -1.0814344975814354,
    "R2_Improvement": -0.08445083158596689,
    "MAE_Improvement": 0.2550829336980285,
    "RMSE_Improvement": -0.32189410557232234,
    "MAPE_Improvement": 0.2109972179953381,
    "MPE_Improvement": -1.044169313308903,
    "CI_Train_Outside": 0.05084745762711865,
    "CI_Test_Outside": 0.0
}