Metric,Training,Test,Improvement
MAE,2.8618969212788645,2.845739067029276,0.13164899963717502
RMSE,4.183769855494005,4.4755312652929655,-0.0161578542495886
R2,0.8396713748650101,0.7080223752278351,0.29176140979896026
MAPE,6.999297398974233,6.638137215592101,-0.3611601833821316
MPE,-1.0533860264865957,-2.3896521104068866,-1.336266083920291
