{
    "Property": "Pc",
    "Method": 1,
    "Kernel": "RQ",
    "N_Original": 75,
    "N_Outliers_Removed": "4",
    "Outlier_Percentage": 5.333333333333334,
    "Outlier_Method": "iqr",
    "Outlier_Threshold": 1.5,
    "N_Train": 57,
    "N_Test": 14,
    "N_Total": 71,
    "LML": -40.27881353491377,
    "Condition_Number": 21.237214916356763,
    "Fit_Success": true,
    "Train_R2": 0.8396713748650101,
    "Test_R2": 0.7080223752278351,
    "Combined_R2": 0.8253290123322651,
    "Train_MAE": 2.8618969212788645,
    "Test_MAE": 2.845739067029276,
    "Combined_MAE": 2.8587108655113402,
    "Train_RMSE": 4.183769855494005,
    "Test_RMSE": 4.4755312652929655,
    "Combined_RMSE": 4.2428885707764525,
    "Train_MAPE": 6.999297398974233,
    "Test_MAPE": 6.638137215592101,
    "Combined_MAPE": 6.928082714927052,
    "Train_MPE": -1.0533860264865957,
    "Test_MPE": -2.3896521104068866,
    "Combined_MPE": -1.3168751134567944,
    "R2_Improvement": 0.13164899963717502,
    "MAE_Improvement": -0.0161578542495886,
    "RMSE_Improvement": 0.29176140979896026,
    "MAPE_Improvement": -0.3611601833821316,
    "MPE_Improvement": -1.336266083920291,
    "CI_Train_Outside": 0.07017543859649122,
    "CI_Test_Outside": 0.07142857142857142
}