{
    "Property": "Pc",
    "Method": 4,
    "Kernel": "Matern32",
    "N_Original": 75,
    "N_Outliers_Removed": "4",
    "Outlier_Percentage": 5.333333333333334,
    "Outlier_Method": "iqr",
    "Outlier_Threshold": 1.5,
    "N_Train": 57,
    "N_Test": 14,
    "N_Total": 71,
    "LML": -29.606332510942536,
    "Condition_Number": 21.126145917836975,
    "Fit_Success": true,
    "Train_R2": 0.8345553742648528,
    "Test_R2": 0.7009731952034943,
    "Combined_R2": 0.8200529914191258,
    "Train_MAE": 2.9305178462408352,
    "Test_MAE": 2.9757741864183638,
    "Combined_MAE": 2.9394416316279535,
    "Train_RMSE": 4.249996617204836,
    "Test_RMSE": 4.529235158344359,
    "Combined_RMSE": 4.306491099198113,
    "Train_MAPE": 7.075980788719479,
    "Test_MAPE": 6.846836679474942,
    "Combined_MAPE": 7.030797443234642,
    "Train_MPE": -0.917535517167063,
    "Test_MPE": -2.7529038290274728,
    "Combined_MPE": -1.2794391279564399,
    "R2_Improvement": 0.1335821790613585,
    "MAE_Improvement": 0.04525634017752855,
    "RMSE_Improvement": 0.27923854113952284,
    "MAPE_Improvement": -0.22914410924453765,
    "MPE_Improvement": -1.8353683118604098,
    "CI_Train_Outside": 0.07017543859649122,
    "CI_Test_Outside": 0.07142857142857142
}