{
    "Property": "Tc",
    "Method": 1,
    "Kernel": "RQ",
    "N_Original": 75,
    "N_Outliers_Removed": "1",
    "Outlier_Percentage": 1.3333333333333335,
    "Outlier_Method": "iqr",
    "Outlier_Threshold": 1.5,
    "N_Train": 59,
    "N_Test": 15,
    "N_Total": 74,
    "LML": -41.91157413505966,
    "Condition_Number": 15.807687256962355,
    "Fit_Success": true,
    "Train_R2": 0.9176118459774699,
    "Test_R2": 0.8064116027310184,
    "Combined_R2": 0.9012485615170843,
    "Train_MAE": 20.837378042247426,
    "Test_MAE": 30.58807538652046,
    "Combined_MAE": 22.813870747167634,
    "Train_RMSE": 28.04541777835833,
    "Test_RMSE": 36.51340545169516,
    "Combined_RMSE": 29.955961755729753,
    "Train_MAPE": 3.40706970197159,
    "Test_MAPE": 5.03625226496397,
    "Combined_MAPE": 3.737309410686261,
    "Train_MPE": -0.33595157874640447,
    "Test_MPE": 0.4570401026706616,
    "Combined_MPE": -0.17521002170240466,
    "R2_Improvement": 0.1112002432464515,
    "MAE_Improvement": 9.750697344273036,
    "RMSE_Improvement": 8.467987673336825,
    "MAPE_Improvement": 1.62918256299238,
    "MPE_Improvement": 0.7929916814170661,
    "CI_Train_Outside": 0.01694915254237288,
    "CI_Test_Outside": 0.0
}