{
    "Property": "Tc",
    "Method": 4,
    "Kernel": "Matern32",
    "N_Original": 75,
    "N_Outliers_Removed": "1",
    "Outlier_Percentage": 1.3333333333333335,
    "Outlier_Method": "iqr",
    "Outlier_Threshold": 1.5,
    "N_Train": 59,
    "N_Test": 15,
    "N_Total": 74,
    "LML": -36.45946559355251,
    "Condition_Number": 30.773475043451576,
    "Fit_Success": true,
    "Train_R2": 0.9277314120170705,
    "Test_R2": 0.8171796265959266,
    "Combined_R2": 0.9113793293379976,
    "Train_MAE": 18.086641948175885,
    "Test_MAE": 30.091760805892672,
    "Combined_MAE": 20.52011198690226,
    "Train_RMSE": 26.26662733291011,
    "Test_RMSE": 35.48337927334493,
    "Combined_RMSE": 28.377822527829604,
    "Train_MAPE": 3.007182285312294,
    "Test_MAPE": 5.000857242723216,
    "Combined_MAPE": 3.411305587490184,
    "Train_MPE": -0.3050689905864828,
    "Test_MPE": 0.3652801575474438,
    "Combined_MPE": -0.16918740650528147,
    "R2_Improvement": 0.11055178542114397,
    "MAE_Improvement": 12.005118857716788,
    "RMSE_Improvement": 9.216751940434818,
    "MAPE_Improvement": 1.9936749574109216,
    "MPE_Improvement": 0.6703491481339265,
    "CI_Train_Outside": 0.03389830508474576,
    "CI_Test_Outside": 0.0
}