{
    "Property": "logP",
    "Method": 1,
    "Kernel": "RQ",
    "N_Original": 3463,
    "N_Outliers_Removed": "144",
    "Outlier_Percentage": 4.15824429685244,
    "Outlier_Method": "iqr",
    "Outlier_Threshold": 1.5,
    "N_Train": 2655,
    "N_Test": 664,
    "N_Total": 3319,
    "LML": -1064.7103048212061,
    "Condition_Number": 1723.3764045000378,
    "Fit_Success": true,
    "Train_R2": 0.8798698812388,
    "Test_R2": 0.8800017799495281,
    "Combined_R2": 0.8800131985964968,
    "Train_MAE": 0.38259612883336497,
    "Test_MAE": 0.3758924000217419,
    "Combined_MAE": 0.3812549791102804,
    "Train_RMSE": 0.5344101338984494,
    "Test_RMSE": 0.5063665937332308,
    "Combined_RMSE": 0.5289187268700792,
    "Train_MAPE": 46.76780324823637,
    "Test_MAPE": 48.89722048337744,
    "Combined_MAPE": 47.193426772501674,
    "Train_MPE": 6.24991469510152,
    "Test_MPE": 1.329448727296979,
    "Combined_MPE": 5.266422107700857,
    "R2_Improvement": -0.00013189871072816217,
    "MAE_Improvement": -0.0067037288116230664,
    "RMSE_Improvement": -0.028043540165218594,
    "MAPE_Improvement": 2.1294172351410694,
    "MPE_Improvement": -4.920465967804541,
    "CI_Train_Outside": 0.04896421845574388,
    "CI_Test_Outside": 0.03313253012048193
}