{
    "Property": "logP",
    "Method": 3,
    "Kernel": "RQ",
    "N_Original": 3463,
    "N_Outliers_Removed": "144",
    "Outlier_Percentage": 4.15824429685244,
    "Outlier_Method": "iqr",
    "Outlier_Threshold": 1.5,
    "N_Train": 2655,
    "N_Test": 664,
    "N_Total": 3319,
    "LML": -1065.0009651793475,
    "Condition_Number": 5254.171286837374,
    "Fit_Success": true,
    "Train_R2": 0.8797878939889819,
    "Test_R2": 0.88183073944903,
    "Combined_R2": 0.8802816573103476,
    "Train_MAE": 0.3829330032758919,
    "Test_MAE": 0.3748954435750498,
    "Combined_MAE": 0.3813250069994957,
    "Train_RMSE": 0.534592466790457,
    "Test_RMSE": 0.5024928694571806,
    "Combined_RMSE": 0.5283266936121327,
    "Train_MAPE": 46.806541729504424,
    "Test_MAPE": 48.9099703253938,
    "Combined_MAPE": 47.226970698167094,
    "Train_MPE": 6.226315271113431,
    "Test_MPE": 1.2465452991535182,
    "Combined_MPE": 5.230969121698192,
    "R2_Improvement": -0.0020428454600480705,
    "MAE_Improvement": -0.008037559700842134,
    "RMSE_Improvement": -0.032099597333276386,
    "MAPE_Improvement": 2.103428595889376,
    "MPE_Improvement": -4.979769971959913,
    "CI_Train_Outside": 0.04896421845574388,
    "CI_Test_Outside": 0.03313253012048193
}