Metric,Training,Test,Improvement
MAE,37.17700310892889,33.73686691447791,-0.44895065189967553
RMSE,76.03340543741642,55.047890551926066,-3.440136194450986
R2,0.018127739175300195,0.46707839107497573,-20.985514885490353
MAPE,7.462963110430737,7.166497312790542,-0.2964657976401952
MPE,-0.0524886044317965,-1.4157706122552218,-1.3632820078234253
