{
    "Property": "Tb",
    "Method": 2,
    "Kernel": "RQ",
    "N_Original": 1030,
    "N_Outliers_Removed": "9",
    "Outlier_Percentage": 0.8737864077669903,
    "Outlier_Method": "iqr",
    "Outlier_Threshold": 1.5,
    "N_Train": 817,
    "N_Test": 204,
    "N_Total": 1021,
    "LML": -4700.537269997322,
    "Condition_Number": 22.825940819936424,
    "Fit_Success": true,
    "Train_R2": 0.018127739175300195,
    "Test_R2": 0.46707839107497573,
    "Combined_R2": 0.10637204275041212,
    "Train_MAE": 37.17700310892889,
    "Test_MAE": 33.73686691447791,
    "Combined_MAE": 36.48964974588482,
    "Train_RMSE": 76.03340543741642,
    "Test_RMSE": 55.047890551926066,
    "Combined_RMSE": 72.3288040182115,
    "Train_MAPE": 7.462963110430737,
    "Test_MAPE": 7.166497312790542,
    "Combined_MAPE": 7.40372802451634,
    "Train_MPE": -0.0524886044317965,
    "Test_MPE": -1.4157706122552218,
    "Combined_MPE": -0.3248779576110118,
    "R2_Improvement": -0.44895065189967553,
    "MAE_Improvement": -3.440136194450986,
    "RMSE_Improvement": -20.985514885490353,
    "MAPE_Improvement": -0.2964657976401952,
    "MPE_Improvement": -1.3632820078234253,
    "CI_Train_Outside": 0.0208078335373317,
    "CI_Test_Outside": 0.004901960784313725
}