Metric,Training,Test,Improvement
MAE,42.40627225228423,44.62040162847079,0.026158574505133037
RMSE,54.48631198055174,57.07762849699611,2.2141293761865555
R2,0.6067228302334823,0.5805642557283492,2.5913165164443726
MAPE,11.908768028337409,12.137624150086012,0.2288561217486027
MPE,-2.4212592716308587,-1.913929249872726,0.5073300217581327
