{
    "Property": "Tm",
    "Method": 4,
    "Kernel": "Matern12",
    "N_Original": 1939,
    "N_Outliers_Removed": "15",
    "Outlier_Percentage": 0.773594636410521,
    "Outlier_Method": "iqr",
    "Outlier_Threshold": 1.5,
    "N_Train": 1539,
    "N_Test": 385,
    "N_Total": 1924,
    "LML": -1587.432483325533,
    "Condition_Number": 2629.783296826917,
    "Fit_Success": true,
    "Train_R2": 0.6067228302334823,
    "Test_R2": 0.5805642557283492,
    "Combined_R2": 0.6016577409665635,
    "Train_MAE": 42.40627225228423,
    "Test_MAE": 44.62040162847079,
    "Combined_MAE": 42.84932828650036,
    "Train_RMSE": 54.48631198055174,
    "Test_RMSE": 57.07762849699611,
    "Combined_RMSE": 55.014613888266965,
    "Train_MAPE": 11.908768028337409,
    "Test_MAPE": 12.137624150086012,
    "Combined_MAPE": 11.954563042304777,
    "Train_MPE": -2.4212592716308587,
    "Test_MPE": -1.913929249872726,
    "Combined_MPE": -2.319740530270733,
    "R2_Improvement": 0.026158574505133037,
    "MAE_Improvement": 2.2141293761865555,
    "RMSE_Improvement": 2.5913165164443726,
    "MAPE_Improvement": 0.2288561217486027,
    "MPE_Improvement": 0.5073300217581327,
    "CI_Train_Outside": 0.04743339831059129,
    "CI_Test_Outside": 0.04935064935064935
}