{
    "Property": "Tc",
    "Method": 2,
    "Kernel": "RQ",
    "N_Original": 75,
    "N_Outliers_Removed": "1",
    "Outlier_Percentage": 1.3333333333333335,
    "Outlier_Method": "iqr",
    "Outlier_Threshold": 1.5,
    "N_Train": 59,
    "N_Test": 15,
    "N_Total": 74,
    "LML": -311.6355367578238,
    "Condition_Number": 13.196530298602413,
    "Fit_Success": true,
    "Train_R2": 0.7825492606997597,
    "Test_R2": 0.8545858579920278,
    "Combined_R2": 0.7955158092414987,
    "Train_MAE": 27.21600326240852,
    "Test_MAE": 25.424453549793782,
    "Combined_MAE": 26.852851293635258,
    "Train_RMSE": 45.562754553221765,
    "Test_RMSE": 31.645794247695083,
    "Combined_RMSE": 43.10636686366212,
    "Train_MAPE": 4.784862860959124,
    "Test_MAPE": 4.264355514700717,
    "Combined_MAPE": 4.679354615095932,
    "Train_MPE": -1.2886606824239972,
    "Test_MPE": -0.6092117250070539,
    "Combined_MPE": -1.1509345424070494,
    "R2_Improvement": -0.07203659729226808,
    "MAE_Improvement": -1.7915497126147386,
    "RMSE_Improvement": -13.916960305526683,
    "MAPE_Improvement": -0.5205073462584071,
    "MPE_Improvement": 0.6794489574169433,
    "CI_Train_Outside": 0.01694915254237288,
    "CI_Test_Outside": 0.0
}