{
    "Property": "Pc",
    "Method": 2,
    "Kernel": "RQ",
    "N_Original": 75,
    "N_Outliers_Removed": "4",
    "Outlier_Percentage": 5.333333333333334,
    "Outlier_Method": "iqr",
    "Outlier_Threshold": 1.5,
    "N_Train": 57,
    "N_Test": 14,
    "N_Total": 71,
    "LML": -164.14011232473,
    "Condition_Number": 9.167804762841044,
    "Fit_Success": true,
    "Train_R2": 0.8613431149529915,
    "Test_R2": 0.7253095023121043,
    "Combined_R2": 0.8460282833887158,
    "Train_MAE": 2.5500119827654615,
    "Test_MAE": 2.383076038629529,
    "Combined_MAE": 2.5170950360344326,
    "Train_RMSE": 3.8907468275109656,
    "Test_RMSE": 4.3410184119412065,
    "Combined_RMSE": 3.9835632217499795,
    "Train_MAPE": 6.034505321405232,
    "Test_MAPE": 5.169148109699068,
    "Combined_MAPE": 5.863871505012469,
    "Train_MPE": 0.6156515974471692,
    "Test_MPE": -0.16087588420916124,
    "Combined_MPE": 0.46253350247268166,
    "R2_Improvement": 0.1360336126408872,
    "MAE_Improvement": -0.1669359441359326,
    "RMSE_Improvement": 0.45027158443024096,
    "MAPE_Improvement": -0.8653572117061641,
    "MPE_Improvement": -0.7765274816563305,
    "CI_Train_Outside": 0.05263157894736842,
    "CI_Test_Outside": 0.07142857142857142
}