{
    "Property": "Vc",
    "Method": 3,
    "Kernel": "RQ",
    "N_Original": 69,
    "N_Outliers_Removed": "3",
    "Outlier_Percentage": 4.3478260869565215,
    "Outlier_Method": "iqr",
    "Outlier_Threshold": 1.5,
    "N_Train": 53,
    "N_Test": 13,
    "N_Total": 66,
    "LML": 31.676168381994557,
    "Condition_Number": 35.38264066592608,
    "Fit_Success": true,
    "Train_R2": 0.9823030918391839,
    "Test_R2": 0.9652253225926251,
    "Combined_R2": 0.9776339479365027,
    "Train_MAE": 10.679498297880432,
    "Test_MAE": 16.74730699028202,
    "Combined_MAE": 11.874672737292864,
    "Train_RMSE": 13.036276753018335,
    "Test_RMSE": 23.216322339743172,
    "Combined_RMSE": 15.576802980707487,
    "Train_MAPE": 3.5480005579998997,
    "Test_MAPE": 6.026270066926862,
    "Combined_MAPE": 4.036144552182482,
    "Train_MPE": -0.06700861811246413,
    "Test_MPE": -2.43010970472152,
    "Combined_MPE": -0.5324679230506116,
    "R2_Improvement": 0.017077769246558794,
    "MAE_Improvement": 6.067808692401588,
    "RMSE_Improvement": 10.180045586724837,
    "MAPE_Improvement": 2.478269508926962,
    "MPE_Improvement": -2.363101086609056,
    "CI_Train_Outside": 0.05660377358490566,
    "CI_Test_Outside": 0.3076923076923077
}