Original_Index,Outlier_Value
44,623.15
57,633.15
107,633.15
153,673.15
500,663.15
669,77.14999999999998
697,683.15
818,658.15
947,133.14999999999998
987,635.15
1090,626.15
1133,633.15
1549,618.65
1665,633.15
1695,621.65
