{
    "Property": "Tm",
    "Method": 2,
    "Kernel": "RQ",
    "N_Original": 1939,
    "N_Outliers_Removed": "15",
    "Outlier_Percentage": 0.773594636410521,
    "Outlier_Method": "iqr",
    "Outlier_Threshold": 1.5,
    "N_Train": 1539,
    "N_Test": 385,
    "N_Total": 1924,
    "LML": -9651.583640790725,
    "Condition_Number": 1922.2619406434599,
    "Fit_Success": true,
    "Train_R2": -0.8220419397993628,
    "Test_R2": -0.6477909662607926,
    "Combined_R2": -0.7850723319662978,
    "Train_MAE": 68.8537107513017,
    "Test_MAE": 66.69607524915523,
    "Combined_MAE": 68.42195936443768,
    "Train_RMSE": 117.27818320437095,
    "Test_RMSE": 113.13168616832718,
    "Combined_RMSE": 116.46026865134368,
    "Train_MAPE": 17.864706634270814,
    "Test_MAPE": 16.90481826101215,
    "Combined_MAPE": 17.6726291791229,
    "Train_MPE": -4.247736159999657,
    "Test_MPE": -3.9149487567507433,
    "Combined_MPE": -4.181144086064712,
    "R2_Improvement": -0.17425097353857022,
    "MAE_Improvement": -2.1576355021464764,
    "RMSE_Improvement": -4.146497036043769,
    "MAPE_Improvement": -0.9598883732586643,
    "MPE_Improvement": 0.33278740324891354,
    "CI_Train_Outside": 0.029889538661468484,
    "CI_Test_Outside": 0.01818181818181818
}