{
    "Property": "Hvap",
    "Method": 1,
    "Kernel": "RQ",
    "N_Original": 75,
    "N_Outliers_Removed": "1",
    "Outlier_Percentage": 1.3333333333333335,
    "Outlier_Method": "iqr",
    "Outlier_Threshold": 1.5,
    "N_Train": 59,
    "N_Test": 15,
    "N_Total": 74,
    "LML": -45.393286939308794,
    "Condition_Number": 16.403381215580435,
    "Fit_Success": true,
    "Train_R2": 0.998058295465039,
    "Test_R2": 0.7548112590202121,
    "Combined_R2": 0.9409994598413404,
    "Train_MAE": 0.17328933924654055,
    "Test_MAE": 2.293555854044004,
    "Combined_MAE": 0.6030730922460263,
    "Train_RMSE": 0.2764055920597035,
    "Test_RMSE": 3.431378477985423,
    "Combined_RMSE": 1.564483236138469,
    "Train_MAPE": 0.4798457310853124,
    "Test_MAPE": 5.735061030082219,
    "Combined_MAPE": 1.5450920754765771,
    "Train_MPE": -0.032475934434030504,
    "Test_MPE": 1.142366552819214,
    "Combined_MPE": 0.20566781298216774,
    "R2_Improvement": 0.24324703644482693,
    "MAE_Improvement": 2.1202665147974633,
    "RMSE_Improvement": 3.1549728859257193,
    "MAPE_Improvement": 5.255215298996907,
    "MPE_Improvement": 1.1748424872532444,
    "CI_Train_Outside": 0.0,
    "CI_Test_Outside": 0.13333333333333333
}