Metric,Training,Test,Improvement
MAE,10.310675187018557,17.857390706216673,0.02181789165311676
RMSE,12.918136785959987,24.647902983754907,7.546715519198116
R2,0.9826223913985123,0.9608044997453955,11.72976619779492
MAPE,3.4160357844433538,6.399485428641719,2.983449644198365
MPE,-0.16713939994842034,-2.672777130790146,-2.5056377308417255
