{
    "Property": "Vc",
    "Method": 4,
    "Kernel": "Matern32",
    "N_Original": 69,
    "N_Outliers_Removed": "3",
    "Outlier_Percentage": 4.3478260869565215,
    "Outlier_Method": "iqr",
    "Outlier_Threshold": 1.5,
    "N_Train": 53,
    "N_Test": 13,
    "N_Total": 66,
    "LML": 32.174418210883275,
    "Condition_Number": 17.361231776877627,
    "Fit_Success": true,
    "Train_R2": 0.9826223913985123,
    "Test_R2": 0.9608044997453955,
    "Combined_R2": 0.9766168096670628,
    "Train_MAE": 10.310675187018557,
    "Test_MAE": 17.857390706216673,
    "Combined_MAE": 11.79714945595152,
    "Train_RMSE": 12.918136785959987,
    "Test_RMSE": 24.647902983754907,
    "Combined_RMSE": 15.92705733561824,
    "Train_MAPE": 3.4160357844433538,
    "Test_MAPE": 6.399485428641719,
    "Combined_MAPE": 4.003684956785455,
    "Train_MPE": -0.16713939994842034,
    "Test_MPE": -2.672777130790146,
    "Combined_MPE": -0.6606741045081542,
    "R2_Improvement": 0.02181789165311676,
    "MAE_Improvement": 7.546715519198116,
    "RMSE_Improvement": 11.72976619779492,
    "MAPE_Improvement": 2.983449644198365,
    "MPE_Improvement": -2.5056377308417255,
    "CI_Train_Outside": 0.05660377358490566,
    "CI_Test_Outside": 0.3076923076923077
}