{
    "Property": "Hvap",
    "Method": 2,
    "Kernel": "RQ",
    "N_Original": 75,
    "N_Outliers_Removed": "1",
    "Outlier_Percentage": 1.3333333333333335,
    "Outlier_Method": "iqr",
    "Outlier_Threshold": 1.5,
    "N_Train": 59,
    "N_Test": 15,
    "N_Total": 74,
    "LML": -181.40135302226122,
    "Condition_Number": 7.051836180037344,
    "Fit_Success": true,
    "Train_R2": 0.9659791840246976,
    "Test_R2": 0.9234764312948026,
    "Combined_R2": 0.9563171319447465,
    "Train_MAE": 0.7584477767219413,
    "Test_MAE": 1.5650733904707144,
    "Combined_MAE": 0.9219529686980439,
    "Train_RMSE": 1.1569846992310895,
    "Test_RMSE": 1.916972880138086,
    "Combined_RMSE": 1.346165612722228,
    "Train_MAPE": 2.1965873904107056,
    "Test_MAPE": 4.212337717534338,
    "Combined_MAPE": 2.605185429692524,
    "Train_MPE": -0.06755445146206941,
    "Test_MPE": 0.0811698038967526,
    "Combined_MPE": -0.037407642943389274,
    "R2_Improvement": 0.04250275272989501,
    "MAE_Improvement": 0.8066256137487731,
    "RMSE_Improvement": 0.7599881809069966,
    "MAPE_Improvement": 2.015750327123633,
    "MPE_Improvement": 0.148724255358822,
    "CI_Train_Outside": 0.03389830508474576,
    "CI_Test_Outside": 0.0
}