{
    "Property": "Tb",
    "Method": 1,
    "Kernel": "RQ",
    "N_Original": 1030,
    "N_Outliers_Removed": "9",
    "Outlier_Percentage": 0.8737864077669903,
    "Outlier_Method": "iqr",
    "Outlier_Threshold": 1.5,
    "N_Train": 817,
    "N_Test": 204,
    "N_Total": 1021,
    "LML": -598.8392138979585,
    "Condition_Number": 292.8298535546005,
    "Fit_Success": true,
    "Train_R2": 0.7685135066927978,
    "Test_R2": 0.6921386218134,
    "Combined_R2": 0.7539547915261078,
    "Train_MAE": 26.712738031993286,
    "Test_MAE": 27.372116813845036,
    "Combined_MAE": 26.844484625037122,
    "Train_RMSE": 36.91813682255062,
    "Test_RMSE": 41.839512995702485,
    "Combined_RMSE": 37.952498019479194,
    "Train_MAPE": 5.676212123164575,
    "Test_MAPE": 6.123549526508719,
    "Combined_MAPE": 5.7655919765261885,
    "Train_MPE": -0.6310136140815112,
    "Test_MPE": -2.434843575081246,
    "Combined_MPE": -0.9914262605496268,
    "R2_Improvement": 0.07637488487939781,
    "MAE_Improvement": 0.6593787818517498,
    "RMSE_Improvement": 4.921376173151863,
    "MAPE_Improvement": 0.44733740334414396,
    "MPE_Improvement": -1.8038299609997348,
    "CI_Train_Outside": 0.05507955936352509,
    "CI_Test_Outside": 0.049019607843137254
}