{
    "Property": "Hvap",
    "Method": 4,
    "Kernel": "Matern32",
    "N_Original": 75,
    "N_Outliers_Removed": "1",
    "Outlier_Percentage": 1.3333333333333335,
    "Outlier_Method": "iqr",
    "Outlier_Threshold": 1.5,
    "N_Train": 59,
    "N_Test": 15,
    "N_Total": 74,
    "LML": -50.866346698575065,
    "Condition_Number": 16.82706653328076,
    "Fit_Success": true,
    "Train_R2": 0.8949235406451876,
    "Test_R2": 0.7297132135903603,
    "Combined_R2": 0.8571183516754415,
    "Train_MAE": 1.5461920121772137,
    "Test_MAE": 2.5075862260297015,
    "Combined_MAE": 1.7410692176878533,
    "Train_RMSE": 2.033330466166466,
    "Test_RMSE": 3.602722141007854,
    "Combined_RMSE": 2.4346197790537687,
    "Train_MAPE": 4.454687809626448,
    "Test_MAPE": 6.265955961062121,
    "Combined_MAPE": 4.821836759241788,
    "Train_MPE": -0.5235255365967578,
    "Test_MPE": 0.17757987630996488,
    "Combined_MPE": -0.38140957452107077,
    "R2_Improvement": 0.1652103270548273,
    "MAE_Improvement": 0.9613942138524878,
    "RMSE_Improvement": 1.5693916748413876,
    "MAPE_Improvement": 1.811268151435673,
    "MPE_Improvement": 0.7011054129067227,
    "CI_Train_Outside": 0.03389830508474576,
    "CI_Test_Outside": 0.06666666666666667
}