{
  "property": "Tb",
  "method": 4,
  "n_train": 875,
  "n_test": 155,
  "n_features": 6,
  "lml": -629.6664124177676,
  "condition_number": 2153.631655477945,
  "train_r2": 0.7886677647690673,
  "train_mae": 26.352412007827684,
  "train_rmse": 36.651786669852164,
  "test_r2": 0.5103004971779335,
  "test_mae": 30.27621790512008,
  "test_rmse": 54.25041200670996,
  "calibration_train": 0.9532848805154214,
  "calibration_test": 1.0882747716161836,
  "cv_test_r2_mean": 0.6677395655034273,
  "cv_test_r2_std": 0.19884285943951646
}