{
    "Property": "Tb",
    "Method": 4,
    "Kernel": "Matern32",
    "N_Original": 1030,
    "N_Outliers_Removed": "9",
    "Outlier_Percentage": 0.8737864077669903,
    "Outlier_Method": "iqr",
    "Outlier_Threshold": 1.5,
    "N_Train": 817,
    "N_Test": 204,
    "N_Total": 1021,
    "LML": -595.6977692207383,
    "Condition_Number": 528.5497683553274,
    "Fit_Success": true,
    "Train_R2": 0.7726595377831496,
    "Test_R2": 0.7059205091814331,
    "Combined_R2": 0.7599661298312398,
    "Train_MAE": 26.51917464964347,
    "Test_MAE": 27.29728393805035,
    "Combined_MAE": 26.67464408630851,
    "Train_RMSE": 36.58603254127705,
    "Test_RMSE": 40.89228557258837,
    "Combined_RMSE": 37.486006319452095,
    "Train_MAPE": 5.634616301340403,
    "Test_MAPE": 6.095940779757461,
    "Combined_MAPE": 5.726790829839012,
    "Train_MPE": -0.6225245143804923,
    "Test_MPE": -2.2477124004484814,
    "Combined_MPE": -0.9472437394126861,
    "R2_Improvement": 0.06673902860171643,
    "MAE_Improvement": 0.7781092884068777,
    "RMSE_Improvement": 4.306253031311321,
    "MAPE_Improvement": 0.46132447841705826,
    "MPE_Improvement": -1.6251878860679891,
    "CI_Train_Outside": 0.05752753977968176,
    "CI_Test_Outside": 0.04411764705882353
}