Metric,Training,Test,Improvement
MAE,0.0982178448811304,0.28802766152806314,0.07917967798553371
RMSE,0.1557329618016081,0.43701934118291225,0.18980981664693275
R2,0.9897985096507415,0.9106188316652077,0.2812863793813042
MAPE,13.159233418841707,36.73715727808421,23.577923859242503
MPE,1.7565369668715622,2.6335486686435,0.8770117017719377
