{
    "Property": "logP",
    "Method": 4,
    "Kernel": "Matern32",
    "N_Original": 3463,
    "N_Outliers_Removed": "144",
    "Outlier_Percentage": 4.15824429685244,
    "Outlier_Method": "iqr",
    "Outlier_Threshold": 1.5,
    "N_Train": 2655,
    "N_Test": 664,
    "N_Total": 3319,
    "LML": -767.1525827023647,
    "Condition_Number": 1714.1737649130566,
    "Fit_Success": true,
    "Train_R2": 0.9897985096507415,
    "Test_R2": 0.9106188316652077,
    "Combined_R2": 0.9752913404891405,
    "Train_MAE": 0.0982178448811304,
    "Test_MAE": 0.28802766152806314,
    "Combined_MAE": 0.13619124598193286,
    "Train_RMSE": 0.1557329618016081,
    "Test_RMSE": 0.43701934118291225,
    "Combined_RMSE": 0.2400196500677932,
    "Train_MAPE": 13.159233418841707,
    "Test_MAPE": 36.73715727808421,
    "Combined_MAPE": 17.87194020181511,
    "Train_MPE": 1.7565369668715622,
    "Test_MPE": 2.6335486686435,
    "Combined_MPE": 1.9318322566672959,
    "R2_Improvement": 0.07917967798553371,
    "MAE_Improvement": 0.18980981664693275,
    "RMSE_Improvement": 0.2812863793813042,
    "MAPE_Improvement": 23.577923859242503,
    "MPE_Improvement": 0.8770117017719377,
    "CI_Train_Outside": 0.013559322033898305,
    "CI_Test_Outside": 0.05421686746987952
}