{
    "Property": "Pc",
    "Method": 3,
    "Kernel": "RQ",
    "N_Original": 75,
    "N_Outliers_Removed": "4",
    "Outlier_Percentage": 5.333333333333334,
    "Outlier_Method": "iqr",
    "Outlier_Threshold": 1.5,
    "N_Train": 57,
    "N_Test": 14,
    "N_Total": 71,
    "LML": -30.185457021817243,
    "Condition_Number": 14.703168229726176,
    "Fit_Success": true,
    "Train_R2": 0.8544350877932518,
    "Test_R2": 0.7184426366066219,
    "Combined_R2": 0.8392521986271757,
    "Train_MAE": 2.616322939050614,
    "Test_MAE": 2.7221121513099034,
    "Combined_MAE": 2.63718278372146,
    "Train_RMSE": 3.9864893083207082,
    "Test_RMSE": 4.394943077790954,
    "Combined_RMSE": 4.07027506165309,
    "Train_MAPE": 6.3696539238934715,
    "Test_MAPE": 6.13212307234278,
    "Combined_MAPE": 6.322816854573617,
    "Train_MPE": -0.342697237411624,
    "Test_MPE": -1.0073863974959658,
    "Combined_MPE": -0.47376270559726885,
    "R2_Improvement": 0.13599245118662995,
    "MAE_Improvement": 0.10578921225928939,
    "RMSE_Improvement": 0.4084537694702455,
    "MAPE_Improvement": -0.23753085155069176,
    "MPE_Improvement": -0.6646891600843419,
    "CI_Train_Outside": 0.07017543859649122,
    "CI_Test_Outside": 0.07142857142857142
}