{
    "Property": "Tm",
    "Method": 3,
    "Kernel": "RQ",
    "N_Original": 1939,
    "N_Outliers_Removed": "15",
    "Outlier_Percentage": 0.773594636410521,
    "Outlier_Method": "iqr",
    "Outlier_Threshold": 1.5,
    "N_Train": 1539,
    "N_Test": 385,
    "N_Total": 1924,
    "LML": -1600.8249714653152,
    "Condition_Number": 4420.667289804698,
    "Fit_Success": true,
    "Train_R2": 0.5603734889208232,
    "Test_R2": 0.5800227931224744,
    "Combined_R2": 0.5647125915293639,
    "Train_MAE": 45.00318629752122,
    "Test_MAE": 45.28848069066398,
    "Combined_MAE": 45.06027483253159,
    "Train_RMSE": 57.60762646622385,
    "Test_RMSE": 57.11445825475122,
    "Combined_RMSE": 57.509280023224356,
    "Train_MAPE": 12.593612691771987,
    "Test_MAPE": 12.286726736900516,
    "Combined_MAPE": 12.532203599970785,
    "Train_MPE": -2.5426612783315283,
    "Test_MPE": -1.7806630875080536,
    "Combined_MPE": -2.390182430375688,
    "R2_Improvement": -0.01964930420165123,
    "MAE_Improvement": 0.28529439314276317,
    "RMSE_Improvement": -0.49316821147262857,
    "MAPE_Improvement": -0.30688595487147197,
    "MPE_Improvement": 0.7619981908234748,
    "CI_Train_Outside": 0.0539311241065627,
    "CI_Test_Outside": 0.04155844155844156
}