{
    "Property": "Tb",
    "Method": 3,
    "Kernel": "RQ",
    "N_Original": 1030,
    "N_Outliers_Removed": "9",
    "Outlier_Percentage": 0.8737864077669903,
    "Outlier_Method": "iqr",
    "Outlier_Threshold": 1.5,
    "N_Train": 817,
    "N_Test": 204,
    "N_Total": 1021,
    "LML": -603.1064034382094,
    "Condition_Number": 292.8298535546005,
    "Fit_Success": true,
    "Train_R2": 0.7681650115157781,
    "Test_R2": 0.6984912218502626,
    "Combined_R2": 0.7549071689875088,
    "Train_MAE": 26.789085635122976,
    "Test_MAE": 27.307591663788635,
    "Combined_MAE": 26.892685272584092,
    "Train_RMSE": 36.94591588177305,
    "Test_RMSE": 41.40559182394169,
    "Combined_RMSE": 37.87897464365244,
    "Train_MAPE": 5.694813081575389,
    "Test_MAPE": 6.107656521718729,
    "Combined_MAPE": 5.777300899194627,
    "Train_MPE": -0.6247180512386983,
    "Test_MPE": -2.396208730844964,
    "Combined_MPE": -0.9786691762530747,
    "R2_Improvement": 0.06967378966551552,
    "MAE_Improvement": 0.5185060286656586,
    "RMSE_Improvement": 4.459675942168644,
    "MAPE_Improvement": 0.41284344014334007,
    "MPE_Improvement": -1.771490679606266,
    "CI_Train_Outside": 0.05385556915544676,
    "CI_Test_Outside": 0.049019607843137254
}