{
    "Property": "Vc",
    "Method": 1,
    "Kernel": "RQ",
    "N_Original": 69,
    "N_Outliers_Removed": "3",
    "Outlier_Percentage": 4.3478260869565215,
    "Outlier_Method": "iqr",
    "Outlier_Threshold": 1.5,
    "N_Train": 53,
    "N_Test": 13,
    "N_Total": 66,
    "LML": 17.37528929704122,
    "Condition_Number": 168.77955064549366,
    "Fit_Success": true,
    "Train_R2": 0.9827332961031143,
    "Test_R2": 0.961382323156726,
    "Combined_R2": 0.9768582570134565,
    "Train_MAE": 10.359653244738722,
    "Test_MAE": 17.706795348527518,
    "Combined_MAE": 11.806817598515304,
    "Train_RMSE": 12.876848730692714,
    "Test_RMSE": 24.465547668844362,
    "Combined_RMSE": 15.844615114773797,
    "Train_MAPE": 3.4117821174377534,
    "Test_MAPE": 6.3554536073180925,
    "Combined_MAPE": 3.99159619877782,
    "Train_MPE": -0.19972352262348572,
    "Test_MPE": -2.651360196758803,
    "Combined_MPE": -0.6826216554077147,
    "R2_Improvement": 0.021350972946388325,
    "MAE_Improvement": 7.347142103788796,
    "RMSE_Improvement": 11.588698938151648,
    "MAPE_Improvement": 2.943671489880339,
    "MPE_Improvement": -2.451636674135317,
    "CI_Train_Outside": 0.03773584905660377,
    "CI_Test_Outside": 0.3076923076923077
}