{
    "Property": "logP",
    "Method": 2,
    "Kernel": "RQ",
    "N_Original": 3463,
    "N_Outliers_Removed": "144",
    "Outlier_Percentage": 4.15824429685244,
    "Outlier_Method": "iqr",
    "Outlier_Threshold": 1.5,
    "N_Train": 2655,
    "N_Test": 664,
    "N_Total": 3319,
    "LML": -2303.6548925357392,
    "Condition_Number": 3524.8924220253734,
    "Fit_Success": true,
    "Train_R2": 0.864225659083134,
    "Test_R2": 0.8803835815657097,
    "Combined_R2": 0.8673228001166926,
    "Train_MAE": 0.39770100024747024,
    "Test_MAE": 0.37938463376836246,
    "Combined_MAE": 0.3940366232236295,
    "Train_RMSE": 0.5681428995795557,
    "Test_RMSE": 0.5055603917286666,
    "Combined_RMSE": 0.5561863862926093,
    "Train_MAPE": 47.47381214091386,
    "Test_MAPE": 49.32512214906402,
    "Combined_MAPE": 47.84384816634515,
    "Train_MPE": 5.521142052411092,
    "Test_MPE": 1.46185864848472,
    "Combined_MPE": 4.709780859377288,
    "R2_Improvement": -0.01615792248257575,
    "MAE_Improvement": -0.018316366479107782,
    "RMSE_Improvement": -0.06258250785088904,
    "MAPE_Improvement": 1.8513100081501648,
    "MPE_Improvement": -4.059283403926372,
    "CI_Train_Outside": 0.045574387947269306,
    "CI_Test_Outside": 0.03463855421686747
}